Last Name,First Name
Ackerman,Mark
Adar,Eytan
Andalibi,Nazanin
Besprozvany,Vadim
Brenton,Stephanie
Brewer,Robin
Brooks,Christopher
Budak,Ceren
Bui,Matthew
Card,Dallas
Chalmers,Melissa
Chen,Yan
Chestnut,Jacques
Cohn,Alain
Collins-Thompson,Kevyn
Dhillon,Paramveer
Dillahunt,Tawanna
Ellison,Nicole
Epstein,Rebecca
Ericson,Barbara
Fontichiaro,Kristin
Forte,Andrea
Fountain,Trisha
Frank,Rebecca
Garcia,Patricia
Gilbert,Eric
Godin,Elena
Gray,Kishonna
Green,Ben
Haimson,Oliver
Hemphill,Libby
Hess,Michael
Homkes-Hayes,Amy
Hoover,Hanna
Hui,Julie
Jacobs,Abigail
Johnston,Jesse
Josias,Anthea
Jurgens,David
Klasnja,Pedja
Krupka,Erin
Lampe,Cliff
Lindtner,Silvia
Madamanchi,Bobby
Marcu,Gabriela
McLeod,Alex
Mei,Qiaozhu
Naseem,Mustafa
Nebeling,Michael
Newman,Mark
O'Brien,Elle
O'Modhrain,Sile
Oland,Bailey
Oney,Steve
Pal,Joyojeet
Park,Sun
Peters,Katy
Peterson-Salahuddin,Chelsea
Potluri,Venkatesh
Punzalan,Ricky
Rampton,James
Resnick,Paul
Robert,Lionel
Romero,Daniel
Rosenblat,Tanya
Sandvig,Christian
Schaub,Florian
Schoenebeck,Grant
Schoenebeck,Sarita
Sendra,Jessica
Severance,Charles
Skrzypek,Heidi
Smith,Barb
Srinivasan,Karthik
Staelgraeve,Scott
TenBrink,Scott
Teplitskiy,Misha
Teplovs,Chris
Thomas,Michaelanne
Threats,Megan
Tomkins,Sabina
Toyama,Kentaro
Veinot,Tiffany
Vergel,Ramiro
Wallace,David
Whyte,Anthony
Wolf,Jackie
Yakel,Elizabeth
Zhang,Justine
Zhou,Jiayu
van Lent,Colleen